index,value
UB,422.0
UBP,88.28451882845188
IoU,72.74881516587678
