index,value
UB,405.0
UBP,84.72803347280335
IoU,72.8395061728395
