index,value
UB,420.0
UBP,87.86610878661088
IoU,65.95238095238095
