index,value
UB,425.0
UBP,88.91213389121339
IoU,63.52941176470588
