index,value
UB,419.0
UBP,87.65690376569037
IoU,68.97374701670644
