index,value
UB,422.0
UBP,88.28451882845188
IoU,60.66350710900474
