index,value
UB,429.0
UBP,89.7489539748954
IoU,55.94405594405595
