index,value
UB,418.0
UBP,87.44769874476988
IoU,65.78947368421053
