index,value
UB,379.0
UBP,79.2887029288703
IoU,75.19788918205805
