index,value
UB,422.0
UBP,88.28451882845188
IoU,64.45497630331754
