index,value
UB,475.0
UBP,91.6988416988417
IoU,75.78947368421053
