index,value
UB,455.0
UBP,87.83783783783784
IoU,73.18681318681318
