index,value
UB,474.0
UBP,91.5057915057915
IoU,67.29957805907173
