index,value
UB,469.0
UBP,90.54054054054055
IoU,66.09808102345416
