index,value
UB,474.0
UBP,91.5057915057915
IoU,70.042194092827
