index,value
UB,470.0
UBP,90.73359073359073
IoU,61.27659574468085
