index,value
UB,458.0
UBP,88.41698841698842
IoU,60.91703056768559
