index,value
UB,473.0
UBP,91.31274131274131
IoU,69.76744186046511
