index,value
UB,464.0
UBP,89.57528957528957
IoU,69.82758620689656
