index,value
UB,440.0
UBP,86.78500986193293
IoU,62.04545454545455
