index,value
UB,452.0
UBP,89.15187376725838
IoU,48.67256637168141
