index,value
UB,453.0
UBP,89.3491124260355
IoU,53.42163355408388
