index,value
UB,443.0
UBP,87.3767258382643
IoU,54.85327313769752
