index,value
UB,448.0
UBP,88.3629191321499
IoU,54.24107142857143
