index,value
UB,451.0
UBP,88.95463510848126
IoU,55.87583148558758
