index,value
UB,450.0
UBP,88.75739644970415
IoU,50.888888888888886
