index,value
UB,437.0
UBP,86.19329388560158
IoU,59.03890160183066
