index,value
UB,580.0
UBP,94.3089430894309
IoU,38.96551724137931
