index,value
UB,583.0
UBP,94.79674796747967
IoU,42.02401372212693
