index,value
UB,580.0
UBP,94.3089430894309
IoU,36.37931034482759
