index,value
UB,581.0
UBP,94.47154471544715
IoU,41.30808950086058
