index,value
UB,568.0
UBP,88.19875776397515
IoU,73.76760563380282
