index,value
UB,554.0
UBP,86.0248447204969
IoU,74.90974729241877
