index,value
UB,563.0
UBP,87.4223602484472
IoU,64.83126110124334
