index,value
UB,560.0
UBP,86.95652173913044
IoU,59.464285714285715
