index,value
UB,565.0
UBP,87.73291925465838
IoU,73.27433628318583
