index,value
UB,570.0
UBP,88.50931677018633
IoU,59.473684210526315
