index,value
UB,563.0
UBP,87.4223602484472
IoU,55.23978685612788
