index,value
UB,560.0
UBP,86.95652173913044
IoU,65.53571428571429
