index,value
UB,495.0
UBP,76.86335403726709
IoU,66.26262626262627
