index,value
UB,558.0
UBP,86.64596273291926
IoU,57.70609318996416
