index,value
UB,461.0
UBP,90.92702169625247
IoU,49.67462039045553
