index,value
UB,457.0
UBP,90.13806706114399
IoU,50.10940919037199
