index,value
UB,458.0
UBP,90.33530571992111
IoU,47.379912663755455
