index,value
UB,611.0
UBP,94.87577639751552
IoU,48.608837970540094
