index,value
UB,604.0
UBP,93.7888198757764
IoU,42.21854304635762
