index,value
UB,610.0
UBP,94.72049689440993
IoU,44.09836065573771
