index,value
UB,607.0
UBP,94.25465838509317
IoU,45.14003294892916
