index,value
UB,616.0
UBP,95.65217391304348
IoU,42.532467532467535
