index,value
UB,466.0
UBP,92.27722772277228
IoU,55.5793991416309
