index,value
UB,459.0
UBP,90.89108910891089
IoU,67.10239651416123
