index,value
UB,453.0
UBP,89.70297029702971
IoU,60.264900662251655
