index,value
UB,455.0
UBP,90.0990099009901
IoU,61.97802197802198
