index,value
UB,454.0
UBP,89.9009900990099
IoU,58.370044052863435
