index,value
UB,464.0
UBP,91.88118811881188
IoU,58.83620689655172
