index,value
UB,460.0
UBP,91.08910891089108
IoU,54.130434782608695
