index,value
UB,462.0
UBP,91.48514851485149
IoU,55.1948051948052
