index,value
UB,446.0
UBP,88.31683168316832
IoU,59.865470852017935
