index,value
UB,526.0
UBP,95.11754068716094
IoU,43.155893536121674
