index,value
UB,527.0
UBP,95.29837251356238
IoU,48.76660341555977
