index,value
UB,524.0
UBP,94.75587703435805
IoU,45.41984732824427
