index,value
UB,523.0
UBP,94.5750452079566
IoU,42.25621414913958
