index,value
UB,536.0
UBP,87.15447154471545
IoU,68.47014925373134
