index,value
UB,509.0
UBP,82.76422764227642
IoU,75.049115913556
