index,value
UB,550.0
UBP,89.4308943089431
IoU,57.45454545454546
