index,value
UB,547.0
UBP,88.9430894308943
IoU,53.74771480804388
