index,value
UB,538.0
UBP,87.47967479674797
IoU,66.17100371747212
