index,value
UB,546.0
UBP,88.78048780487805
IoU,54.57875457875458
