index,value
UB,537.0
UBP,87.3170731707317
IoU,52.513966480446925
