index,value
UB,529.0
UBP,86.01626016260163
IoU,66.351606805293
