index,value
UB,472.0
UBP,76.7479674796748
IoU,69.49152542372882
