index,value
UB,526.0
UBP,85.52845528455285
IoU,61.21673003802282
