index,value
UB,565.0
UBP,91.869918699187
IoU,43.1858407079646
