index,value
UB,572.0
UBP,93.00813008130082
IoU,46.15384615384615
