index,value
UB,559.0
UBP,90.89430894308943
IoU,58.31842576028623
