index,value
UB,568.0
UBP,92.35772357723577
IoU,44.71830985915493
