index,value
UB,570.0
UBP,92.6829268292683
IoU,49.824561403508774
