index,value
UB,567.0
UBP,92.1951219512195
IoU,46.03174603174603
