index,value
UB,570.0
UBP,92.6829268292683
IoU,47.192982456140356
