index,value
UB,560.0
UBP,91.0569105691057
IoU,43.03571428571429
