index,value
UB,569.0
UBP,92.52032520325203
IoU,41.65202108963093
