index,value
UB,548.0
UBP,89.10569105691057
IoU,52.18978102189781
