index,value
UB,620.0
UBP,96.27329192546584
IoU,39.19354838709677
