index,value
UB,421.0
UBP,83.03747534516765
IoU,76.72209026128266
