index,value
UB,418.0
UBP,82.44575936883629
IoU,71.5311004784689
