index,value
UB,433.0
UBP,85.4043392504931
IoU,67.89838337182448
