index,value
UB,426.0
UBP,84.02366863905326
IoU,61.03286384976526
