index,value
UB,436.0
UBP,85.99605522682445
IoU,62.38532110091744
