index,value
UB,429.0
UBP,84.61538461538461
IoU,57.57575757575758
