index,value
UB,426.0
UBP,84.02366863905326
IoU,72.53521126760563
