index,value
UB,391.0
UBP,77.12031558185404
IoU,74.68030690537084
