index,value
UB,420.0
UBP,82.84023668639053
IoU,65.23809523809524
