index,value
UB,471.0
UBP,93.26732673267327
IoU,50.318471337579616
