index,value
UB,469.0
UBP,92.87128712871286
IoU,55.65031982942431
