index,value
UB,461.0
UBP,91.2871287128713
IoU,54.01301518438177
