index,value
UB,470.0
UBP,93.06930693069307
IoU,50.42553191489362
