index,value
UB,498.0
UBP,92.91044776119404
IoU,40.36144578313253
