index,value
UB,492.0
UBP,91.7910447761194
IoU,35.97560975609756
