index,value
UB,490.0
UBP,91.41791044776119
IoU,40.40816326530612
