index,value
UB,495.0
UBP,92.35074626865672
IoU,37.97979797979798
