index,value
UB,503.0
UBP,93.84328358208955
IoU,34.59244532803181
