index,value
UB,592.0
UBP,91.92546583850931
IoU,52.702702702702695
