index,value
UB,587.0
UBP,91.14906832298136
IoU,63.03236797274276
