index,value
UB,591.0
UBP,91.77018633540372
IoU,48.05414551607445
