index,value
UB,581.0
UBP,90.21739130434783
IoU,50.94664371772806
