index,value
UB,597.0
UBP,92.70186335403727
IoU,54.941373534338354
