index,value
UB,596.0
UBP,92.54658385093168
IoU,50.167785234899334
