index,value
UB,603.0
UBP,93.63354037267081
IoU,52.40464344941957
