index,value
UB,588.0
UBP,91.30434782608695
IoU,46.93877551020408
