index,value
UB,602.0
UBP,93.47826086956522
IoU,47.50830564784053
