index,value
UB,583.0
UBP,90.527950310559
IoU,51.45797598627787
