index,value
UB,585.0
UBP,97.98994974874371
IoU,39.14529914529915
