index,value
UB,507.0
UBP,97.87644787644787
IoU,43.98422090729783
