index,value
UB,532.0
UBP,96.20253164556962
IoU,39.097744360902254
