index,value
UB,495.0
UBP,89.5117540687161
IoU,76.96969696969697
