index,value
UB,472.0
UBP,85.35262206148282
IoU,76.27118644067797
