index,value
UB,492.0
UBP,88.96925858951175
IoU,62.19512195121951
