index,value
UB,484.0
UBP,87.52260397830018
IoU,56.40495867768595
