index,value
UB,496.0
UBP,89.69258589511755
IoU,73.79032258064517
