index,value
UB,494.0
UBP,89.33092224231464
IoU,59.716599190283404
