index,value
UB,485.0
UBP,87.70343580470163
IoU,52.98969072164949
