index,value
UB,493.0
UBP,89.1500904159132
IoU,68.96551724137932
