index,value
UB,417.0
UBP,75.40687160940325
IoU,70.9832134292566
