index,value
UB,486.0
UBP,87.88426763110307
IoU,59.25925925925925
