index,value
UB,474.0
UBP,93.86138613861387
IoU,48.31223628691983
