index,value
UB,450.0
UBP,83.95522388059702
IoU,66.88888888888889
