index,value
UB,423.0
UBP,78.91791044776119
IoU,67.61229314420804
