index,value
UB,451.0
UBP,84.14179104477611
IoU,58.758314855875824
