index,value
UB,453.0
UBP,84.51492537313433
IoU,55.84988962472406
