index,value
UB,452.0
UBP,84.32835820895522
IoU,63.05309734513275
