index,value
UB,459.0
UBP,85.63432835820896
IoU,54.248366013071895
