index,value
UB,459.0
UBP,85.63432835820896
IoU,50.76252723311547
