index,value
UB,456.0
UBP,85.07462686567165
IoU,64.69298245614034
