index,value
UB,408.0
UBP,76.11940298507463
IoU,73.0392156862745
