index,value
UB,457.0
UBP,85.26119402985074
IoU,62.36323851203501
