index,value
UB,437.0
UBP,86.53465346534654
IoU,78.71853546910755
