index,value
UB,440.0
UBP,87.12871287128714
IoU,77.72727272727272
