index,value
UB,442.0
UBP,87.52475247524752
IoU,67.64705882352942
