index,value
UB,440.0
UBP,87.12871287128714
IoU,73.86363636363636
