index,value
UB,450.0
UBP,89.10891089108911
IoU,64.22222222222223
