index,value
UB,449.0
UBP,88.91089108910892
IoU,61.46993318485523
