index,value
UB,431.0
UBP,85.34653465346534
IoU,71.22969837587007
