index,value
UB,393.0
UBP,77.82178217821782
IoU,77.60814249363868
