index,value
UB,433.0
UBP,85.74257425742574
IoU,66.28175519630484
