index,value
UB,505.0
UBP,87.37024221453287
IoU,74.05940594059406
