index,value
UB,492.0
UBP,85.12110726643598
IoU,71.34146341463415
