index,value
UB,518.0
UBP,89.61937716262976
IoU,62.16216216216216
