index,value
UB,515.0
UBP,89.10034602076125
IoU,56.116504854368934
