index,value
UB,517.0
UBP,89.44636678200692
IoU,56.09284332688588
