index,value
UB,512.0
UBP,88.58131487889273
IoU,66.796875
