index,value
UB,473.0
UBP,81.83391003460207
IoU,69.97885835095138
