index,value
UB,516.0
UBP,89.27335640138408
IoU,63.565891472868216
