index,value
UB,455.0
UBP,95.18828451882845
IoU,49.23076923076923
