index,value
UB,452.0
UBP,94.56066945606695
IoU,45.35398230088495
