index,value
UB,456.0
UBP,95.39748953974896
IoU,46.92982456140351
