index,value
UB,450.0
UBP,94.14225941422595
IoU,50.888888888888886
