index,value
UB,451.0
UBP,94.35146443514644
IoU,44.789356984478935
