index,value
UB,459.0
UBP,96.02510460251047
IoU,42.48366013071895
