index,value
UB,480.0
UBP,89.55223880597015
IoU,43.958333333333336
