index,value
UB,481.0
UBP,89.73880597014926
IoU,42.61954261954262
