index,value
UB,472.0
UBP,88.05970149253731
IoU,44.91525423728814
