index,value
UB,484.0
UBP,90.29850746268657
IoU,47.72727272727273
