index,value
UB,482.0
UBP,89.92537313432835
IoU,48.3402489626556
