index,value
UB,488.0
UBP,91.04477611940298
IoU,45.08196721311475
