index,value
UB,478.0
UBP,89.17910447761194
IoU,42.25941422594142
