index,value
UB,485.0
UBP,90.48507462686567
IoU,43.09278350515464
