index,value
UB,470.0
UBP,87.68656716417911
IoU,55.319148936170215
