index,value
UB,468.0
UBP,92.3076923076923
IoU,42.30769230769231
