index,value
UB,490.0
UBP,94.5945945945946
IoU,62.857142857142854
