index,value
UB,487.0
UBP,94.01544401544402
IoU,52.361396303901444
