index,value
UB,491.0
UBP,94.7876447876448
IoU,56.211812627291245
