index,value
UB,483.0
UBP,93.24324324324324
IoU,56.31469979296067
