index,value
UB,494.0
UBP,95.36679536679537
IoU,59.51417004048582
