index,value
UB,491.0
UBP,94.7876447876448
IoU,57.63747454175153
