index,value
UB,499.0
UBP,96.33204633204633
IoU,52.505010020040075
