index,value
UB,481.0
UBP,92.85714285714286
IoU,51.767151767151766
