index,value
UB,492.0
UBP,94.98069498069498
IoU,53.04878048780488
