index,value
UB,482.0
UBP,93.05019305019304
IoU,60.58091286307054
