index,value
UB,565.0
UBP,97.75086505190312
IoU,38.76106194690265
