index,value
UB,544.0
UBP,94.11764705882354
IoU,48.713235294117645
