index,value
UB,527.0
UBP,91.17647058823529
IoU,60.53130929791271
