index,value
UB,543.0
UBP,93.9446366782007
IoU,49.53959484346225
