index,value
UB,543.0
UBP,93.9446366782007
IoU,53.40699815837937
