index,value
UB,540.0
UBP,93.42560553633218
IoU,50.92592592592593
