index,value
UB,541.0
UBP,93.59861591695501
IoU,51.940850277264325
