index,value
UB,539.0
UBP,93.25259515570934
IoU,51.94805194805194
