index,value
UB,539.0
UBP,93.25259515570934
IoU,53.61781076066791
