index,value
UB,439.0
UBP,91.84100418410041
IoU,60.820045558086555
