index,value
UB,443.0
UBP,92.67782426778243
IoU,53.04740406320542
