index,value
UB,445.0
UBP,93.09623430962343
IoU,51.68539325842697
