index,value
UB,436.0
UBP,91.2133891213389
IoU,56.42201834862385
