index,value
UB,443.0
UBP,92.67782426778243
IoU,57.56207674943566
