index,value
UB,446.0
UBP,93.30543933054393
IoU,55.15695067264574
