index,value
UB,444.0
UBP,92.88702928870293
IoU,53.6036036036036
