index,value
UB,437.0
UBP,91.42259414225941
IoU,50.57208237986271
