index,value
UB,447.0
UBP,93.51464435146444
IoU,47.651006711409394
