index,value
UB,431.0
UBP,90.1673640167364
IoU,55.22041763341067
