index,value
UB,504.0
UBP,97.29729729729729
IoU,50.198412698412696
