index,value
UB,497.0
UBP,95.94594594594595
IoU,46.076458752515094
