index,value
UB,501.0
UBP,96.71814671814671
IoU,46.9061876247505
