index,value
UB,498.0
UBP,96.13899613899613
IoU,51.606425702811244
