index,value
UB,502.0
UBP,96.91119691119691
IoU,45.81673306772908
