index,value
UB,530.0
UBP,88.77721943048576
IoU,70.75471698113208
