index,value
UB,513.0
UBP,85.92964824120602
IoU,71.9298245614035
