index,value
UB,536.0
UBP,89.78224455611391
IoU,62.68656716417911
