index,value
UB,525.0
UBP,87.93969849246231
IoU,61.142857142857146
