index,value
UB,541.0
UBP,90.61976549413735
IoU,68.94639556377079
