index,value
UB,545.0
UBP,91.28978224455611
IoU,61.46788990825688
