index,value
UB,537.0
UBP,89.94974874371859
IoU,58.659217877094974
