index,value
UB,537.0
UBP,89.94974874371859
IoU,67.22532588454376
