index,value
UB,493.0
UBP,82.57956448911223
IoU,69.5740365111562
