index,value
UB,534.0
UBP,89.44723618090453
IoU,63.48314606741573
