index,value
UB,590.0
UBP,95.9349593495935
IoU,33.389830508474574
