index,value
UB,558.0
UBP,96.53979238754326
IoU,41.39784946236559
