index,value
UB,554.0
UBP,95.8477508650519
IoU,45.12635379061371
