index,value
UB,555.0
UBP,96.02076124567473
IoU,44.68468468468468
