index,value
UB,557.0
UBP,96.36678200692042
IoU,44.52423698384201
