index,value
UB,556.0
UBP,96.19377162629758
IoU,41.906474820143885
