index,value
UB,515.0
UBP,93.12839059674502
IoU,52.42718446601942
