index,value
UB,512.0
UBP,92.58589511754069
IoU,65.234375
