index,value
UB,511.0
UBP,92.40506329113924
IoU,46.57534246575342
