index,value
UB,508.0
UBP,91.8625678119349
IoU,46.45669291338583
