index,value
UB,514.0
UBP,92.94755877034358
IoU,50.38910505836576
