index,value
UB,518.0
UBP,93.67088607594937
IoU,53.47490347490348
