index,value
UB,503.0
UBP,90.95840867992767
IoU,45.52683896620278
