index,value
UB,516.0
UBP,93.30922242314648
IoU,47.480620155038764
