index,value
UB,503.0
UBP,90.95840867992767
IoU,53.28031809145129
