index,value
UB,580.0
UBP,97.15242881072027
IoU,46.724137931034484
