index,value
UB,574.0
UBP,96.14740368509213
IoU,43.90243902439025
