index,value
UB,576.0
UBP,96.48241206030151
IoU,44.44444444444444
