index,value
UB,577.0
UBP,96.64991624790619
IoU,46.2738301559792
