index,value
UB,554.0
UBP,92.79731993299832
IoU,59.38628158844765
