index,value
UB,557.0
UBP,93.2998324958124
IoU,49.730700179533216
