index,value
UB,564.0
UBP,94.47236180904522
IoU,53.191489361702125
