index,value
UB,554.0
UBP,92.79731993299832
IoU,49.458483754512635
