index,value
UB,569.0
UBP,95.30988274706867
IoU,53.25131810193322
