index,value
UB,564.0
UBP,94.47236180904522
IoU,51.06382978723404
