index,value
UB,560.0
UBP,93.80234505862647
IoU,49.107142857142854
