index,value
UB,572.0
UBP,95.81239530988275
IoU,51.57342657342657
