index,value
UB,571.0
UBP,95.64489112227805
IoU,49.21190893169877
