index,value
UB,556.0
UBP,93.1323283082077
IoU,53.23741007194245
